List`1,List`1._size,List`1._version,List`1._syncRoot,List`1.Capacity,List`1.Count
System.Collections.Generic.List`1[System.String],88,88,"",128,88
System.Collections.Generic.List`1[System.String],88,88,"",128,88
System.Collections.Generic.List`1[System.String],88,88,"",128,88
System.Collections.Generic.List`1[System.String],88,88,"",128,88
System.Collections.Generic.List`1[System.String],88,88,"",128,88
System.Collections.Generic.List`1[System.String],88,88,"",128,88
System.Collections.Generic.List`1[System.String],88,88,"",128,88
System.Collections.Generic.List`1[System.String],88,88,"",128,88
System.Collections.Generic.List`1[System.String],88,88,"",128,88
System.Collections.Generic.List`1[System.String],88,88,"",128,88
System.Collections.Generic.List`1[System.String],88,88,"",128,88
System.Collections.Generic.List`1[System.String],88,88,"",128,88
System.Collections.Generic.List`1[System.String],88,88,"",128,88
System.Collections.Generic.List`1[System.String],88,88,"",128,88
System.Collections.Generic.List`1[System.String],88,88,"",128,88
System.Collections.Generic.List`1[System.String],88,88,"",128,88
System.Collections.Generic.List`1[System.String],88,88,"",128,88
System.Collections.Generic.List`1[System.String],88,88,"",128,88
System.Collections.Generic.List`1[System.String],88,88,"",128,88
System.Collections.Generic.List`1[System.String],88,88,"",128,88
System.Collections.Generic.List`1[System.String],88,88,"",128,88
System.Collections.Generic.List`1[System.String],88,88,"",128,88
System.Collections.Generic.List`1[System.String],88,88,"",128,88
System.Collections.Generic.List`1[System.String],88,88,"",128,88
System.Collections.Generic.List`1[System.String],88,88,"",128,88
System.Collections.Generic.List`1[System.String],88,88,"",128,88
System.Collections.Generic.List`1[System.String],88,88,"",128,88
System.Collections.Generic.List`1[System.String],88,88,"",128,88
System.Collections.Generic.List`1[System.String],88,88,"",128,88
System.Collections.Generic.List`1[System.String],88,88,"",128,88
System.Collections.Generic.List`1[System.String],88,88,"",128,88
System.Collections.Generic.List`1[System.String],88,88,"",128,88
System.Collections.Generic.List`1[System.String],88,88,"",128,88
System.Collections.Generic.List`1[System.String],88,88,"",128,88
System.Collections.Generic.List`1[System.String],88,88,"",128,88
System.Collections.Generic.List`1[System.String],88,88,"",128,88
System.Collections.Generic.List`1[System.String],88,88,"",128,88
System.Collections.Generic.List`1[System.String],88,88,"",128,88
System.Collections.Generic.List`1[System.String],88,88,"",128,88
System.Collections.Generic.List`1[System.String],88,88,"",128,88
System.Collections.Generic.List`1[System.String],88,88,"",128,88
System.Collections.Generic.List`1[System.String],88,88,"",128,88
System.Collections.Generic.List`1[System.String],88,88,"",128,88
System.Collections.Generic.List`1[System.String],88,88,"",128,88
System.Collections.Generic.List`1[System.String],88,88,"",128,88
System.Collections.Generic.List`1[System.String],88,88,"",128,88
System.Collections.Generic.List`1[System.String],88,88,"",128,88
System.Collections.Generic.List`1[System.String],88,88,"",128,88
System.Collections.Generic.List`1[System.String],88,88,"",128,88
System.Collections.Generic.List`1[System.String],88,88,"",128,88
System.Collections.Generic.List`1[System.String],88,88,"",128,88
System.Collections.Generic.List`1[System.String],88,88,"",128,88
System.Collections.Generic.List`1[System.String],88,88,"",128,88
System.Collections.Generic.List`1[System.String],88,88,"",128,88
System.Collections.Generic.List`1[System.String],88,88,"",128,88
System.Collections.Generic.List`1[System.String],88,88,"",128,88
System.Collections.Generic.List`1[System.String],88,88,"",128,88
System.Collections.Generic.List`1[System.String],88,88,"",128,88
System.Collections.Generic.List`1[System.String],88,88,"",128,88
System.Collections.Generic.List`1[System.String],84,84,"",128,84
